<?xml version="1.0" encoding="UTF-8"?>
<metadata>
  <groupId>org.springframework.osgi</groupId>
  <artifactId>spring-osgi-bundle-archetype</artifactId>
  <version>1.0</version>
  <versioning>
    <latest>1.2.1</latest>
    <release>1.2.1</release>
    <versions>
      <version>1.0</version>
      <version>1.0.1</version>
      <version>1.0.2</version>
      <version>1.0.3</version>
      <version>1.1.0</version>
      <version>1.1.1</version>
      <version>1.1.2</version>
      <version>1.1.3</version>
      <version>1.2.0</version>
      <version>1.2.1</version>
    </versions>
    <lastUpdated>20091216131350</lastUpdated>
  </versioning>
</metadata>
